URL,category,podcast
https://www.artofmanliness.com/style/clothing/a-mans-guide-to-the-oxford-shirt/,style,False
https://www.artofmanliness.com/style/clothing/30-second-suit-quality-test/,style,False
https://www.artofmanliness.com/style/clothing/how-to-get-the-stink-out-of-workout-shirts/,style,False
https://www.artofmanliness.com/style/clothing/black-tie-how-to-wear-tuxedo/,style,False
https://www.artofmanliness.com/style/accessories/how-to-pick-mens-wedding-ring/,style,False
https://www.artofmanliness.com/style/facial-hair/your-no-nonsense-guide-to-choosing-the-right-beard-style/,style,False
https://www.artofmanliness.com/style/facial-hair/growing-a-manly-beard/,style,False
https://www.artofmanliness.com/style/facial-hair/beard-grooming-products-routine/,style,False
https://www.artofmanliness.com/style/ties/how-to-tie-a-tie/,style,False
https://www.artofmanliness.com/style/ties/how-to-tie-a-half-windsor-knot/,style,False
https://www.artofmanliness.com/style/ties/how-to-match-a-shirt-and-tie/,style,False
https://www.artofmanliness.com/style/ties/is-the-necktie-obsolete/,style,False
https://www.artofmanliness.com/health-fitness/fitness/the-grown-ups-guide-to-sprinting/,health-fitness,False
https://www.artofmanliness.com/health-fitness/fitness/podcast-933-the-science-of-swole-how-to-grow-your-muscles/,health-fitness,True
https://www.artofmanliness.com/health-fitness/fitness/podcast-928-for-a-better-work-out-think-like-a-kid/,health-fitness,True
https://www.artofmanliness.com/health-fitness/fitness/dumbbell-workouts-for-men/,health-fitness,False
https://www.artofmanliness.com/health-fitness/health/how-to-lose-weight-for-men/,health-fitness,False
https://www.artofmanliness.com/health-fitness/health/how-to-treat-a-sucking-chest-wound/,health-fitness,False
https://www.artofmanliness.com/health-fitness/health/podcast-920-is-cannabis-a-safe-drug/,health-fitness,True
https://www.artofmanliness.com/health-fitness/health/podcast-721-the-psychology-of-effective-weight-loss/,health-fitness,True
https://www.artofmanliness.com/health-fitness/program-review/the-insanely-difficult-standards-of-historys-hardest-p-e-program/,health-fitness,False
https://www.artofmanliness.com/health-fitness/program-review/a-review-of-the-movnat-workshop/,health-fitness,False
https://www.artofmanliness.com/people/family/how-to-develop-gratitude-in-your-kids/,people,False
https://www.artofmanliness.com/people/family/how-and-why-to-hold-a-weekly-marriage-meeting/,people,False
https://www.artofmanliness.com/people/fatherhood/5-ways-fathers-hugely-influence-on-their-daughters/,people,False
https://www.artofmanliness.com/people/fatherhood/sunday-firesides-we-shouldnt-and-should-be-friends-with-our-kids/,people,False
https://www.artofmanliness.com/people/fatherhood/what-to-do-when-your-kid-lies-to-you/,people,False
https://www.artofmanliness.com/people/fatherhood/you-dont-have-to-be-your-dad-how-to-become-your-familys-transitional-character/,people,False
https://www.artofmanliness.com/people/relationships/sunday-firesides-treat-people-as-ends-not-means/,people,False
https://www.artofmanliness.com/people/relationships/podcast-920-advice-on-making-love-last-from-a-divorce-lawyer/,people,True
https://www.artofmanliness.com/people/relationships/the-challenge-of-social-discoordination/,people,False
https://www.artofmanliness.com/people/relationships/sunday-firesides-the-maturing-mirror-of-marriage/,people,False
https://www.artofmanliness.com/people/social-skills/podcast-915-finally-learn-to-say-no/,people,True
https://www.artofmanliness.com/people/social-skills/sunday-firesides-enough-about-me/,people,False
https://www.artofmanliness.com/people/social-skills/authority-is-more-important-than-social-skills-in-being-influential/,people,False
https://www.artofmanliness.com/people/social-skills/2-hour-cocktail-party/,people,False
https://www.artofmanliness.com/skills/how-to/how-to-skip-a-stone-an-illustrated-guide/,skills,False
https://www.artofmanliness.com/skills/how-to/how-to-milk-a-cow/,skills,False
https://www.artofmanliness.com/skills/how-to/how-to-smoke-a-cigar/,skills,False
https://www.artofmanliness.com/skills/how-to/my-new-favorite-knot-the-alpine-butterfly-knot/,skills,False
https://www.artofmanliness.com/skills/manly-know-how/whats-the-difference-between-gas-octanes/,skills,False
https://www.artofmanliness.com/skills/manly-know-how/how-to-make-a-bed-using-hospital-corners/,skills,False
https://www.artofmanliness.com/skills/manly-know-how/how-to-jump-start-a-car-the-complete-guide/,skills,False
https://www.artofmanliness.com/skills/manly-know-how/how-to-catch-a-souvenir-baseball/,skills,False
https://www.artofmanliness.com/skills/outdoor-survival/how-to-emergency-rappel/,skills,False
https://www.artofmanliness.com/skills/outdoor-survival/how-to-dig-a-cathole/,skills,False
https://www.artofmanliness.com/skills/outdoor-survival/how-to-survive-inside-a-plummeting-elevator/,skills,False
https://www.artofmanliness.com/skills/outdoor-survival/how-to-remove-a-leech/,skills,False
https://www.artofmanliness.com/character/knowledge-of-men/the-stages-of-a-mans-life/,character,False
https://www.artofmanliness.com/character/advice/podcast-935-dog-as-cure-for-the-midlife-malaise/,character,True
https://www.artofmanliness.com/character/advice/sunday-firesides-put-the-bigger-rocks-in-first/,character,False
https://www.artofmanliness.com/character/etiquette/podcast-934-beyond-mere-politeness-the-art-of-true-civility/,character,True
https://www.artofmanliness.com/character/behavior/how-to-really-be-alpha-like-the-wolf/,character,False
https://www.artofmanliness.com/character/behavior/past-failure-no-excuse-present-inaction/,character,False
https://www.artofmanliness.com/character/advice/does-stoicism-extinguish-the-fire-of-life/,character,False
https://www.artofmanliness.com/character/behavior/how-to-quit-mindlessly-surfing-the-internet-and-actually-get-stuff-done/,character,False
https://www.artofmanliness.com/style/outfit-guide/9-secrets-for-dressing-well-a-roadmap-for-the-style-rookie/,style,False
https://www.artofmanliness.com/style/hair/a-handy-dandy-mens-grooming-checklist/,style,False
https://www.artofmanliness.com/style/clothing/style-inspiration-how-steve-mcqueen-rocked-his-khakis/,style,False
https://www.artofmanliness.com/style/hair/your-grandpas-hair-products-5-old-school-hair-grooms-to-give-you-that-cary-grant-shine/,style,False
https://www.artofmanliness.com/health-fitness/fitness/dont-just-lift-heavy-carry-heavy/,health-fitness,False
https://www.artofmanliness.com/health-fitness/fitness/embracing-grind-barbell-training-beyond/,health-fitness,False
https://www.artofmanliness.com/skills/manly-know-how/turn-12-everyday-items-improvised-weapons/,skills,False
https://www.artofmanliness.com/skills/outdoor-survival/how-to-escape-and-evade-a-tracker/,skills,False
https://www.artofmanliness.com/skills/manly-know-how/9-ways-to-open-a-bottle-without-an-opener/,skills,False
https://www.artofmanliness.com/skills/how-to/make-improvised-gas-mask/,skills,False
https://www.artofmanliness.com/career-wealth/career/how-to-moonlight-your-way-to-your-dreams-case-studies-from-famous-men/,career-wealth,False
https://www.artofmanliness.com/career-wealth/career/how-to-deal-with-bad-coworkers/,career-wealth,False
https://www.artofmanliness.com/career-wealth/career/reviving-blue-collar-work-how-to-start-a-career-in-the-trades/,career-wealth,False
https://www.artofmanliness.com/career-wealth/career/how-to-quit-a-job-without-burning-bridges/,career-wealth,False
https://www.artofmanliness.com/skills/how-to/make-great-last-impression/,skills,False
https://www.artofmanliness.com/people/social-skills/be-more-memorable-how-to-better-answer-the-3-questions-you-always-get-asked-when-meeting-someone-new/,people,False
https://www.artofmanliness.com/living/entertainment/best-kids-movies-80s-90s/,living,False
https://www.artofmanliness.com/living/food-drink/how-to-make-the-best-beef-jerky-in-the-world/,living,False
https://www.artofmanliness.com/living/food-drink/5-classic-cocktails-every-man-should-know/,living,False
https://www.artofmanliness.com/lifestyle/homeownership/how-to-decorate-a-man-room/,lifestyle,False
https://www.artofmanliness.com/character/advice/podcast-932-a-cure-for-existential-boredom/,character,True
https://www.artofmanliness.com/character/behavior/podcast-214-how-to-have-a-good-day-every-day/,character,True
https://www.artofmanliness.com/character/habits/podcast-581-the-tiny-habits-that-change-everything/,character,True
https://www.artofmanliness.com/character/behavior/podcast-168-the-value-of-deep-work-in-the-age-of-distraction/,character,True
https://www.artofmanliness.com/character/advice/podcast-644-how-to-develop-greater-self-awareness/,character,True
https://www.artofmanliness.com/character/advice/podcast-592-being-a-man-in-the-lousy-modern-world/,character,True
https://www.artofmanliness.com/character/behavior/podcast-931-the-real-reason-you-procrastinate/,character,True
https://www.artofmanliness.com/character/behavior/podcast-930-break-your-bad-habits-by-escaping-the-scarcity-loop/,character,True
https://www.artofmanliness.com/character/behavior/podcast-929-can-you-trust-happiness-studies/,character,True
https://www.artofmanliness.com/career-wealth/career/podcast-927-beyond-lazy-learning-the-keys-to-gaining-and-retaining-knowledge/,career-wealth,True
https://www.artofmanliness.com/character/manly-lessons/podcast-926-the-5-shifts-of-manhood/,character,True
https://www.artofmanliness.com/character/manly-lessons/podcast-925-when-the-game-was-war-lessons-from-the-greatest-nba-season-of-all-time/,character,True
https://www.artofmanliness.com/character/advice/podcast-924-how-to-develop-rugged-flexibility/,character,True
https://www.artofmanliness.com/character/advice/podcast-753-take-back-the-weekend/,character,True
https://www.artofmanliness.com/career-wealth/leadership/podcast-923-leadership-is-overrated/,career-wealth,True
https://www.artofmanliness.com/living/reading/podcast-922-for-whom-the-bell-tolls/,living,True
https://www.artofmanliness.com/character/advice/podcast-921-brazilian-jiu-jitsu/,character,True
https://www.artofmanliness.com/character/behavior/podcast-918-unlock-the-power-of-the-unfocused-mind/,character,True
https://www.artofmanliness.com/character/advice/the-life-were-looking-for-podcast/,character,True
https://www.artofmanliness.com/style/outfit-guide/a-mans-guide-to-smart-casual/,style,False
https://www.artofmanliness.com/style/hair/what-to-do-about-dandruff/,style,False
https://www.artofmanliness.com/style/shoes/how-to-lace-dress-shoes/,style,False
https://www.artofmanliness.com/style/hair/a-guide-to-barbershop-etiquette/,style,False
https://www.artofmanliness.com/style/shaving/the-case-for-shaving-at-night/,style,False
https://www.artofmanliness.com/style/clothing/how-to-protect-your-clothing-from-moths/,style,False
https://www.artofmanliness.com/style/hair/it-will-put-hair-chest/,style,False
https://www.artofmanliness.com/style/clothing/how-to-wear-corduroy/,style,False
https://www.artofmanliness.com/style/hair/what-happened-to-the-pocket-comb/,style,False
https://www.artofmanliness.com/style/hair/a-dudes-guide-to-hair-conditioner/,style,False
https://www.artofmanliness.com/style/clothing/how-to-wear-a-polo-shirt/,style,False
https://www.artofmanliness.com/style/clothing/the-sometimes-always-never-3-button-rule/,style,False
https://www.artofmanliness.com/style/clothing/the-camp-collar-shirt/,style,False
https://www.artofmanliness.com/style/clothing/how-to-fold-a-suit-for-packing/,style,False
https://www.artofmanliness.com/style/clothing/how-to-wear-a-turtleneck-without-looking-like-a-dweeb/,style,False
https://www.artofmanliness.com/style/clothing/the-minimal-wardrobe-how-to-choose-a-swiss-army-overcoat/,style,False
https://www.artofmanliness.com/style/clothing/suit-sport-jacket-blazer-difference/,style,False
https://www.artofmanliness.com/style/clothing/the-complete-guide-on-how-to-roll-up-your-shirt-sleeves/,style,False
https://www.artofmanliness.com/style/clothing/how-tuck-in-shirt/,style,False
https://www.artofmanliness.com/style/clothing/how-many-times-you-can-wear-your-clothes-between-washes/,style,False
https://www.artofmanliness.com/style/clothing/the-fall-jacket-a-recommendation/,style,False
https://www.artofmanliness.com/style/clothing/the-best-damn-guide-to-mens-t-shirts-on-the-internet/,style,False
https://www.artofmanliness.com/style/clothing/how-a-mens-dress-shirt-should-fit/,style,False
https://www.artofmanliness.com/style/accessories/the-colognes-of-famous-men/,style,False
https://www.artofmanliness.com/style/accessories/matching-your-watch-with-your-clothes/,style,False
https://www.artofmanliness.com/style/accessories/how-to-match-belt-with-clothes/,style,False
https://www.artofmanliness.com/style/accessories/complete-guide-mens-belts/,style,False
https://www.artofmanliness.com/style/accessories/affordable-alternatives-classic-luxury-watches/,style,False
https://www.artofmanliness.com/style/accessories/mans-guide-wristwatches-choose-watch/,style,False
https://www.artofmanliness.com/style/accessories/mans-guide-wristwatches-history-wear-one/,style,False
https://www.artofmanliness.com/style/accessories/the-always-sometimes-never-sunglass-matrix-an-illustrated-guide/,style,False
https://www.artofmanliness.com/style/accessories/how-to-rock-a-pocket-square-an-illustrated-guide/,style,False
https://www.artofmanliness.com/style/accessories/how-to-pick-aviator-shades/,style,False
https://www.artofmanliness.com/style/accessories/how-to-take-care-of-a-hat/,style,False
https://www.artofmanliness.com/style/accessories/how-to-pick-the-perfect-pair-of-sunglasses-video/,style,False
https://www.artofmanliness.com/style/accessories/say-no-to-body-spray/,style,False
https://www.artofmanliness.com/style/accessories/mans-guide-wearing-jewelry/,style,False
https://www.artofmanliness.com/style/facial-hair/how-to-grow-a-mustache/,style,False
https://www.artofmanliness.com/style/facial-hair/how-to-trim-your-mustache/,style,False
https://www.artofmanliness.com/style/facial-hair/how-to-grow-a-handlebar-mustache/,style,False
https://www.artofmanliness.com/style/facial-hair/podcast-311-meaning-beards/,style,True
https://www.artofmanliness.com/style/facial-hair/five-ways-a-beard-will-make-your-winter-better-and-even-save-your-life/,style,False
https://www.artofmanliness.com/style/facial-hair/diy-holiday-beard-oil/,style,False
https://www.artofmanliness.com/style/facial-hair/how-to-trim-your-beard-video/,style,False
https://www.artofmanliness.com/style/facial-hair/how-to-trim-a-mustache-video/,style,False
https://www.artofmanliness.com/style/facial-hair/the-12-most-infamous-mustaches-of-all-time/,style,False
https://www.artofmanliness.com/style/facial-hair/the-manliest-mustaches-of-all-time/,style,False
https://www.artofmanliness.com/style/facial-hair/the-art-of-manliness-podcast-episode-5-the-cultural-history-of-the-beard-with-allan-peterkin/,style,True
https://www.artofmanliness.com/style/facial-hair/a-treatise-on-the-mustache/,style,False
https://www.artofmanliness.com/style/facial-hair/20-manliest-mustaches-and-beards-from-facial-hair-history/,style,False
https://www.artofmanliness.com/style/ties/how-to-tie-a-bow/,style,False
https://www.artofmanliness.com/style/ties/how-to-recognize-a-quality-tie-in-60-seconds/,style,False
https://www.artofmanliness.com/style/ties/wear-suit-without-tie/,style,False
https://www.artofmanliness.com/style/ties/heres-what-happened-when-i-wore-a-tie-to-work-every-day-for-a-year/,style,False
https://www.artofmanliness.com/style/ties/never-underestimate-the-bolo-tie-baby/,style,False
https://www.artofmanliness.com/style/ties/how-to-tie-a-simple-oriental-necktie-knot/,style,False
https://www.artofmanliness.com/style/ties/how-to-put-a-dimple-in-your-tie/,style,False
https://www.artofmanliness.com/style/ties/5-ways-to-tie-a-scarf-your-60-second-visual-guide/,style,False
https://www.artofmanliness.com/style/ties/how-to-tie-a-full-windsor-knot-an-illustrated-guide/,style,False
https://www.artofmanliness.com/style/ties/necktie-tips-for-men-a-visual-guide/,style,False
https://www.artofmanliness.com/style/ties/how-to-tie-a-four-in-hand-necktie-knot-your-60-second-visual-guide/,style,False
https://www.artofmanliness.com/style/ties/match-tie-with-shirt-suit/,style,False
https://www.artofmanliness.com/style/ties/cravatology-101-and-the-mountain-and-sackett-authentic-regimental-tie-giveaway/,style,False
https://www.artofmanliness.com/style/ties/keep-your-ties-in-tip-top-shape/,style,False
https://www.artofmanliness.com/health-fitness/fitness/why-every-man-should-be-strong/,health-fitness,False
https://www.artofmanliness.com/health-fitness/fitness/how-to-throw-a-left-hook/,health-fitness,False
https://www.artofmanliness.com/health-fitness/health/whats-the-deal-with-electrolytes-anyway/,health-fitness,False
https://www.artofmanliness.com/health-fitness/fitness/what-to-do-if-you-dont-feel-like-working-out/,health-fitness,False
https://www.artofmanliness.com/health-fitness/fitness/how-often-should-you-one-rep-max/,health-fitness,False
https://www.artofmanliness.com/health-fitness/fitness/podcast-905-become-a-morning-workout-person/,health-fitness,True
https://www.artofmanliness.com/health-fitness/fitness/how-to-bench-press/,health-fitness,False
https://www.artofmanliness.com/health-fitness/health/melatonin-everything-you-need-to-know/,health-fitness,False
https://www.artofmanliness.com/health-fitness/health/podcast-900-the-myths-and-truths-around-suicide/,health-fitness,True
https://www.artofmanliness.com/health-fitness/fitness/adjustable-dumbbell-review-which-set-deserves-a-spot-in-your-gym/,health-fitness,False
https://www.artofmanliness.com/health-fitness/health/podcast-893-optimize-your-testosterone/,health-fitness,True
https://www.artofmanliness.com/health-fitness/fitness/shoulder-workout-for-men/,health-fitness,False
https://www.artofmanliness.com/health-fitness/fitness/how-long-does-it-take-to-put-on-muscle/,health-fitness,False
https://www.artofmanliness.com/health-fitness/fitness/does-yelling-while-exercising-make-you-stronger/,health-fitness,False
https://www.artofmanliness.com/health-fitness/fitness/podcast-885-the-essential-habits-for-becoming-an-agile-vital-and-durable-human-being/,health-fitness,True
https://www.artofmanliness.com/health-fitness/fitness/why-are-dumbbells-called-dumbbells/,health-fitness,False
https://www.artofmanliness.com/health-fitness/fitness/podcast-877-the-fitness-supplements-that-actually-work/,health-fitness,True
https://www.artofmanliness.com/health-fitness/fitness/how-to-throw-a-dynamite-straight-punch/,health-fitness,False
https://www.artofmanliness.com/health-fitness/fitness/podcast-866-move-the-body-heal-the-mind/,health-fitness,True
https://www.artofmanliness.com/health-fitness/fitness/bro-basics-the-dip/,health-fitness,False
https://www.artofmanliness.com/health-fitness/fitness/zone-2-cardio-podcast-viada/,health-fitness,True
https://www.artofmanliness.com/health-fitness/health/the-importance-of-building-your-daily-sleep-pressure/,health-fitness,False
https://www.artofmanliness.com/health-fitness/health/podcast-888-the-science-of-a-better-daily-routine/,health-fitness,True
https://www.artofmanliness.com/health-fitness/health/the-digestive-power-of-an-after-dinner-walk/,health-fitness,False
https://www.artofmanliness.com/health-fitness/health/podcast-873-the-myths-of-trauma/,health-fitness,True
https://www.artofmanliness.com/health-fitness/health/extended-fasting-to-heal-the-body/,health-fitness,False
https://www.artofmanliness.com/health-fitness/health/how-testosterone-makes-men-men/,health-fitness,False
https://www.artofmanliness.com/health-fitness/health/how-saunas-can-help-save-your-body-mind-and-spirit/,health-fitness,False
https://www.artofmanliness.com/health-fitness/health/podcast-852-the-brain-energy-theory-of-mental-illness/,health-fitness,True
https://www.artofmanliness.com/health-fitness/health/podcast-708-overcoming-the-comfort-crisis/,health-fitness,True
https://www.artofmanliness.com/health-fitness/health/soft-suburban-dad-syndrome/,health-fitness,False
https://www.artofmanliness.com/health-fitness/health/just-go-to-sleep/,health-fitness,False
https://www.artofmanliness.com/health-fitness/program-review/its-tactical-muster-review/,health-fitness,False
https://www.artofmanliness.com/health-fitness/program-review/a-review-of-the-tough-mudder-by-a-curmudgeonly-55-year-old-vermonter/,health-fitness,False
https://www.artofmanliness.com/health-fitness/program-review/the-goruck-challenge-a-review/,health-fitness,False
https://www.artofmanliness.com/health-fitness/program-review/get-bigger-stronger-with-strongliftscom/,health-fitness,False
https://www.artofmanliness.com/people/relationships/is-the-7-year-itch-real/,people,False
https://www.artofmanliness.com/people/relationships/sunday-firesides-climb-the-ladder-of-love/,people,False
https://www.artofmanliness.com/people/social-skills/9-mental-distortions-that-are-sabotaging-your-social-life/,people,False
https://www.artofmanliness.com/people/relationships/podcast-865-how-to-win-friends-and-influence-people-in-the-21st-century/,people,True
https://www.artofmanliness.com/people/relationships/podcast-863-key-insights-from-the-longest-study-on-happiness/,people,True
https://www.artofmanliness.com/people/relationships/sunday-firesides-everyones-just-trying-to-make-it-in-the-world/,people,False
https://www.artofmanliness.com/people/social-skills/how-to-calm-someone-down/,people,False
https://www.artofmanliness.com/people/family/sunday-firesides-give-them-the-cream/,people,False
https://www.artofmanliness.com/people/family/the-best-internet-filter-for-kids/,people,False
https://www.artofmanliness.com/people/family/sunday-firesides-the-secure-base-philosophy-of-parenting/,people,False
https://www.artofmanliness.com/people/family/nietzsches-surprisingly-sound-advice-on-choosing-a-spouse/,people,False
https://www.artofmanliness.com/people/family/how-a-man-handles-a-miscarriage/,people,False
https://www.artofmanliness.com/people/family/secret-happy-successful-marriage-treating-like-bank-account/,people,False
https://www.artofmanliness.com/people/family/how-to-parent-teen-boys/,people,False
https://www.artofmanliness.com/people/family/how-to-tell-awesome-stories-to-your-kids/,people,False
https://www.artofmanliness.com/people/family/23-dangerous-things-let-kids/,people,False
https://www.artofmanliness.com/people/family/podcast-611-how-a-weekly-marriage-meeting-can-strengthen-your-relationship/,people,True
https://www.artofmanliness.com/people/family/podcast-609-the-3-tasks-of-moving-from-adolescence-to-adulthood/,people,True
https://www.artofmanliness.com/people/family/sunday-firesides-marriage-is-more-than-a-piece-of-paper/,people,False
https://www.artofmanliness.com/people/family/the-54-best-jokes-for-kids-of-all-ages/,people,False
https://www.artofmanliness.com/people/family/podcast-555-dandelion-children-vs-orchid-children/,people,True
https://www.artofmanliness.com/people/fatherhood/the-ultimate-collection-of-quotes-about-fatherhood/,people,False
https://www.artofmanliness.com/people/fatherhood/the-importance-of-fathers-according-to-science/,people,False
https://www.artofmanliness.com/people/fatherhood/how-to-turn-a-boy-into-a-man/,people,False
https://www.artofmanliness.com/people/fatherhood/how-to-raise-a-reader/,people,False
https://www.artofmanliness.com/people/fatherhood/podcast-749-let-the-children-play/,people,True
https://www.artofmanliness.com/people/fatherhood/9-ways-to-entertain-your-toddler-without-using-a-smartphone/,people,False
https://www.artofmanliness.com/people/fatherhood/podcast-717-the-fraught-relatable-relationship-between-winston-churchill-and-his-son/,people,True
https://www.artofmanliness.com/people/fatherhood/a-brief-history-of-fathers-day/,people,False
https://www.artofmanliness.com/people/fatherhood/5-great-podcasts-for-kids-that-are-enjoyable-for-parents-too/,people,True
https://www.artofmanliness.com/people/fatherhood/why-fathers-shouldnt-initiate-their-sons-into-manhood/,people,False
https://www.artofmanliness.com/people/fatherhood/24-better-questions-to-ask-kids-about-how-their-day-went/,people,False
https://www.artofmanliness.com/people/fatherhood/podcast-532-how-to-create-a-neighborhood-where-kids-play-outside/,people,True
https://www.artofmanliness.com/people/fatherhood/how-to-be-a-better-dad-when-you-travel-for-business/,people,False
https://www.artofmanliness.com/people/fatherhood/4-recommended-books-for-soon-to-be-and-new-dads/,people,False
https://www.artofmanliness.com/people/relationships/podcast-850-the-infidelity-formula/,people,True
https://www.artofmanliness.com/people/relationships/80-of-success-in-relationships-is-showing-up/,people,False
https://www.artofmanliness.com/people/relationships/a-celebration-of-the-ideal-bachelor-from-1906/,people,False
https://www.artofmanliness.com/people/relationships/plays-well-with-others-podcast/,people,True
https://www.artofmanliness.com/people/relationships/5-allies-every-man-needs-podcast/,people,True
https://www.artofmanliness.com/people/relationships/podcast-799-getting-along-is-overrated/,people,True
https://www.artofmanliness.com/people/relationships/sunday-firesides-the-non-technologized-children-shall-inherit-the-earth/,people,False
https://www.artofmanliness.com/people/social-skills/podcast-837-the-cues-that-make-you-charismatic/,people,True
https://www.artofmanliness.com/people/social-skills/stress-free-small-talk-podcast/,people,True
https://www.artofmanliness.com/people/social-skills/how-to-comfort-someone-whos-sad-crying/,people,False
https://www.artofmanliness.com/people/social-skills/a-better-way-to-say-no/,people,False
https://www.artofmanliness.com/people/social-skills/the-3-elements-of-charisma-presence/,people,False
https://www.artofmanliness.com/people/social-skills/3-things-no-one-ever-told-you-about-making-friends-in-adulthood/,people,False
https://www.artofmanliness.com/people/social-skills/how-to-end-a-conversation/,people,False
https://www.artofmanliness.com/people/social-skills/podcast-742-the-power-of-strangers/,people,True
https://www.artofmanliness.com/people/social-skills/tame-timing-anxiety-texting/,people,False
https://www.artofmanliness.com/people/social-skills/improve-your-conversation-skills/,people,False
https://www.artofmanliness.com/people/social-skills/why-we-like-some-people-and-dont-like-others/,people,False
https://www.artofmanliness.com/people/social-skills/sunday-firesides-want-to-solve-your-social-problems-get-over-your-self/,people,False
https://www.artofmanliness.com/people/social-skills/never-ask-these-5-questions/,people,False
https://www.artofmanliness.com/people/social-skills/human-hacking-social-engineering/,people,False
https://www.artofmanliness.com/skills/outdoor-survival/how-to-measure-remaining-sunlight-with-your-hands/,skills,False
https://www.artofmanliness.com/skills/outdoor-survival/how-to-escape-a-rip-current/,skills,False
https://www.artofmanliness.com/skills/outdoor-survival/podcast-907-how-to-read-a-tree/,skills,True
https://www.artofmanliness.com/skills/outdoor-survival/how-to-make-a-torch-an-illustrated-guide/,skills,False
https://www.artofmanliness.com/skills/outdoor-survival/how-to-survive-a-mountain-lion-encounter/,skills,False
https://www.artofmanliness.com/skills/outdoor-survival/podcast-902-how-to-survive-any-worst-case-scenario/,skills,True
https://www.artofmanliness.com/skills/outdoor-survival/what-drowning-really-looks-like/,skills,False
https://www.artofmanliness.com/skills/manly-know-how/how-to-gird-up-your-loins-an-illustrated-guide/,skills,False
https://www.artofmanliness.com/skills/how-to/how-to-take-out-a-sentry/,skills,False
https://www.artofmanliness.com/skills/how-to/how-shuffle-a-deck-of-cards-an-illustrated-guide/,skills,False
https://www.artofmanliness.com/skills/how-to/how-to-break-down-a-door-an-illustrated-guide/,skills,False
https://www.artofmanliness.com/skills/how-to/the-best-way-to-shovel-snow/,skills,False
https://www.artofmanliness.com/skills/how-to/how-to-make-the-perfect-snowball-an-illustrated-guide/,skills,False
https://www.artofmanliness.com/skills/how-to/how-to-perform-a-three-point-turn/,skills,False
https://www.artofmanliness.com/skills/how-to/how-to-patch-a-bicycle-inner-tube/,skills,False
https://www.artofmanliness.com/skills/how-to/how-to-clean-out-your-dryer-vent/,skills,False
https://www.artofmanliness.com/skills/how-to/how-to-sharpen-a-pocket-knife-an-illustrated-guide/,skills,False
https://www.artofmanliness.com/skills/how-to/how-to-fell-a-tree-2/,skills,False
https://www.artofmanliness.com/skills/how-to/how-to-do-the-zippo-snap/,skills,False
https://www.artofmanliness.com/skills/how-to/how-to-handle-a-hammer/,skills,False
https://www.artofmanliness.com/skills/how-to/how-to-make-the-worlds-best-paper-airplanes/,skills,False
https://www.artofmanliness.com/skills/how-to/renting-your-first-apartment/,skills,False
https://www.artofmanliness.com/skills/how-to/how-to-find-studs-in-a-wall/,skills,False
https://www.artofmanliness.com/skills/how-to/how-to-fold-a-dress-shirt-for-packing/,skills,False
https://www.artofmanliness.com/skills/manly-know-how/how-to-get-your-car-unstuck-from-anything-an-illustrated-guide/,skills,False
https://www.artofmanliness.com/skills/manly-know-how/how-to-walk-like-a-ninja/,skills,False
https://www.artofmanliness.com/skills/manly-know-how/how-to-perform-a-j-turn/,skills,False
https://www.artofmanliness.com/skills/manly-know-how/3-ways-climb-rope/,skills,False
https://www.artofmanliness.com/skills/manly-know-how/how-to-change-flat-tire/,skills,False
https://www.artofmanliness.com/skills/manly-know-how/how-to-shuffle-poker-chips/,skills,False
https://www.artofmanliness.com/skills/manly-know-how/how-to-protect-your-car-when-you-park-it-outside/,skills,False
https://www.artofmanliness.com/skills/manly-know-how/how-not-to-use-a-crescent-wrench/,skills,False
https://www.artofmanliness.com/skills/manly-know-how/how-to-inspect-maintain-tires/,skills,False
https://www.artofmanliness.com/skills/manly-know-how/11-auto-maintenance-jobs-every-man-can-do-himself/,skills,False
https://www.artofmanliness.com/skills/manly-know-how/the-basic-dance-step-every-man-should-know/,skills,False
https://www.artofmanliness.com/skills/manly-know-how/how-to-ram-through-a-vehicular-roadblock/,skills,False
https://www.artofmanliness.com/skills/outdoor-survival/how-to-start-a-fire-in-the-rain-an-illustrated-guide/,skills,False
https://www.artofmanliness.com/skills/outdoor-survival/how-to-remove-a-fish-hook-from-your-finger/,skills,False
https://www.artofmanliness.com/skills/outdoor-survival/podcast-883-the-naturalists-art-of-animal-encounters/,skills,True
https://www.artofmanliness.com/skills/outdoor-survival/how-to-survive-a-dog-attack/,skills,False
https://www.artofmanliness.com/skills/outdoor-survival/pistol-marksmanship-how-to-fix-4-common-trigger-mistakes/,skills,False
https://www.artofmanliness.com/skills/outdoor-survival/podcast-869-the-survival-myths-that-can-get-you-killed/,skills,True
https://www.artofmanliness.com/skills/outdoor-survival/how-to-survive-falling-through-the-ice-an-illustrated-guide/,skills,False
https://www.artofmanliness.com/skills/outdoor-survival/podcast-848-the-5-priorities-of-short-term-survival/,skills,True
https://www.artofmanliness.com/skills/outdoor-survival/how-to-survive-a-flash-flood/,skills,False
https://www.artofmanliness.com/style/outfit-guide/your-first-style-steps-beyond-jeans-t-shirts-and-tennis-shoes/,style,False
https://www.artofmanliness.com/character/manly-lessons/develop-savoir-faire-james-bond/,character,False
https://www.artofmanliness.com/style/clothing/the-art-of-manliness-suit-school-part-ii-the-alterations-every-man-needs/,style,False
https://www.artofmanliness.com/lifestyle/best-of/the-best-of-art-of-manliness-june-2009/,lifestyle,False
https://www.artofmanliness.com/character/advice/sunday-firesides-resist-the-reverse-the-michelangelo-effect/,character,False
https://www.artofmanliness.com/health-fitness/fitness/the-playground-workout-video/,health-fitness,False
https://www.artofmanliness.com/health-fitness/fitness/hero-training-the-leaping-ability-workout/,health-fitness,False
https://www.artofmanliness.com/health-fitness/fitness/hero-training-the-pulling-to-safety-workout/,health-fitness,False
https://www.artofmanliness.com/health-fitness/fitness/hero-training-the-lift-an-object-off-someone-in-distress-workout/,health-fitness,False
https://www.artofmanliness.com/health-fitness/fitness/the-basement-barbell-workout/,health-fitness,False
https://www.artofmanliness.com/health-fitness/fitness/the-santa-claus-workout-video/,health-fitness,False
https://www.artofmanliness.com/style/accessories/how-to-fold-a-pocket-square/,style,False
https://www.artofmanliness.com/style/hair/bringing-back-the-hat/,style,False
https://www.artofmanliness.com/lifestyle/best-of/the-best-of-the-art-of-manliness-2022/,lifestyle,False
https://www.artofmanliness.com/style/accessories/a-man-and-the-bow-tie-the-beau-tie-ltd-of-vermont-giveaway/,style,False
https://www.artofmanliness.com/style/outfit-guide/easy-ways-to-upgrade-your-casual-summer-style-video/,style,False
https://www.artofmanliness.com/career-wealth/leadership/podcast-853-the-real-rules-of-power/,career-wealth,True
https://www.artofmanliness.com/career-wealth/career/15-things-every-man-should-have-in-his-desk/,career-wealth,False
https://www.artofmanliness.com/style/outfit-guide/what-to-wear-on-first-date/,style,False
https://www.artofmanliness.com/skills/how-to/how-to-remove-a-tick/,skills,False
https://www.artofmanliness.com/character/behavior/men-and-status-how-testosterone-affects-status/,character,False
https://www.artofmanliness.com/style/outfit-guide/outfitted-equipped-not-quite-summer/,style,False
https://www.artofmanliness.com/skills/how-to/how-to-build-a-summer-fire/,skills,False
https://www.artofmanliness.com/living/food-drink/summer-grilling-week-the-3-zone-fire-video/,living,False
https://www.artofmanliness.com/style/outfit-guide/outfitted-equipped-summer-bbq/,style,False
https://www.artofmanliness.com/character/behavior/an-inside-peek-at-the-strenuous-life-may-2021/,character,False
https://www.artofmanliness.com/character/etiquette/how-to-pay-restaurant-tab/,character,False
https://www.artofmanliness.com/skills/outdoor-survival/how-to-pick-the-perfect-campsite/,skills,False
https://www.artofmanliness.com/living/food-drink/how-to-make-the-perfect-diner-style-smash-burger/,living,False
https://www.artofmanliness.com/health-fitness/fitness/how-to-do-the-perfect-pull-up/,health-fitness,False
https://www.artofmanliness.com/skills/manly-know-how/how-to-make-the-perfect-snowball/,skills,False
https://www.artofmanliness.com/living/food-drink/how-to-make-stovetop-popcorn/,living,False
https://www.artofmanliness.com/character/behavior/podcast-693-why-is-it-so-hard-to-admit-you-were-wrong/,character,True
https://www.artofmanliness.com/health-fitness/fitness/the-gas-station-ready-workout/,health-fitness,False
https://www.artofmanliness.com/style/outfit-guide/dressing-for-the-holidays/,style,False
https://www.artofmanliness.com/character/behavior/sunday-firesides-stop-the-vivisection-of-beauty/,character,False
https://www.artofmanliness.com/style/hair/how-to-grow-your-hair-long-for-men/,style,False
https://www.artofmanliness.com/character/advice/sunday-firesides-disappointment-the-emotion-of-children/,character,False
https://www.artofmanliness.com/character/behavior/podcast-686-the-psychology-of-boredom/,character,True
https://www.artofmanliness.com/skills/how-to/how-to-change-the-oil-on-a-motorcycle/,skills,False
https://www.artofmanliness.com/career-wealth/wealth/personal-finance-goals-for-your-20s/,career-wealth,False
https://www.artofmanliness.com/character/advice/sunday-firesides-dont-let-it-petrify/,character,False
https://www.artofmanliness.com/character/behavior/surprising-importance-first-impression/,character,False
https://www.artofmanliness.com/health-fitness/fitness/gymnastic-rings-101-a-beginners-routine-faqs/,health-fitness,False
https://www.artofmanliness.com/character/knowledge-of-men/podcast-594-how-churchill-and-london-survived-the-blitz-of-1940/,character,True
https://www.artofmanliness.com/living/games-tricks/cool-uncle-tricks-make-a-salt-shaker-disappear/,living,False
https://www.artofmanliness.com/character/advice/the-38-best-pieces-of-advice-lord-chesterfield-gave-his-son/,character,False
https://www.artofmanliness.com/character/behavior/podcast-889-the-wisdom-of-psychopaths/,character,True
https://www.artofmanliness.com/skills/how-to/one-handed-bowline-knot/,skills,False
https://www.artofmanliness.com/character/advice/sunday-firesides-attention-adults-you-should-know-what-youre-doing/,character,False
https://www.artofmanliness.com/character/knowledge-of-men/podcast-867-dantes-guide-to-navigating-a-spiritual-journey/,character,True
https://www.artofmanliness.com/style/clothing/understanding-the-dress-shirt-custom-shirt-giveaway/,style,False
https://www.artofmanliness.com/health-fitness/fitness/how-to-do-the-barbell-row/,health-fitness,False
https://www.artofmanliness.com/health-fitness/fitness/how-to-spot-someone-on-the-bench-press/,health-fitness,False
https://www.artofmanliness.com/character/advice/sunday-firesides-if-youre-going-through-a-transition-keep-going/,character,False
https://www.artofmanliness.com/health-fitness/fitness/every-man-should-be-able-to-save-his-own-life-5-fitness-benchmarks-a-man-must-master/,health-fitness,False
https://www.artofmanliness.com/health-fitness/fitness/how-to-run-farther-and-faster/,health-fitness,False
https://www.artofmanliness.com/health-fitness/fitness/how-to-swim-the-front-crawl-stroke/,health-fitness,False
https://www.artofmanliness.com/health-fitness/fitness/guide-to-thick-rope-training/,health-fitness,False
https://www.artofmanliness.com/character/etiquette/ski-etiquette-an-illustrated-guide/,character,False
https://www.artofmanliness.com/people/family/podcast-179-the-science-of-cheating-how-to-prevent-and-deal-with-infidelity/,people,True
https://www.artofmanliness.com/character/behavior/podcast-196-the-science-of-self-motivation-productivity/,character,True
https://www.artofmanliness.com/character/advice/podcast-849-live-life-in-crescendo/,character,True
https://www.artofmanliness.com/health-fitness/fitness/10-physical-skills-every-man-master/,health-fitness,False
https://www.artofmanliness.com/health-fitness/fitness/the-importance-of-having-a-physical-identity/,health-fitness,False
https://www.artofmanliness.com/character/behavior/30-days-to-a-better-man-day-24-play/,character,False
https://www.artofmanliness.com/health-fitness/fitness/podcast-508-break-out-of-your-cage-and-stop-being-a-human-zoo-animal/,health-fitness,True
https://www.artofmanliness.com/health-fitness/fitness/podcast-245-workout-world-forgot/,health-fitness,True
https://www.artofmanliness.com/health-fitness/fitness/podcast-270-becoming-tactical-athlete/,health-fitness,True
https://www.artofmanliness.com/character/advice/podcast-271-power-wonder/,character,True
https://www.artofmanliness.com/character/advice/is-it-better-to-be-a-little-fish-in-a-big-pond-or-a-big-fish-in-a-little-pond/,character,False
https://www.artofmanliness.com/career-wealth/leadership/the-best-kind-of-leader-to-be/,career-wealth,False
https://www.artofmanliness.com/health-fitness/fitness/strength-benchmarks-for-men/,health-fitness,False
https://www.artofmanliness.com/health-fitness/fitness/manly-feats-of-strength/,health-fitness,False
https://www.artofmanliness.com/health-fitness/fitness/how-to-do-the-monkey-bars/,health-fitness,False
https://www.artofmanliness.com/health-fitness/fitness/3-feats-of-strength-an-introduction-to-strongman-exercises/,health-fitness,False
https://www.artofmanliness.com/character/advice/how-i-learned-to-be-comfortable-with-being-uncomfortable/,character,False
https://www.artofmanliness.com/health-fitness/health/an-argument-for-making-exercise-not-diet-the-foundation-of-weight-management/,health-fitness,False
https://www.artofmanliness.com/health-fitness/health/eat-man-food-and-lose-weight-a-primer-on-flexible-dieting/,health-fitness,False
https://www.artofmanliness.com/health-fitness/health/6-ways-to-measure-your-body-fat/,health-fitness,False
https://www.artofmanliness.com/health-fitness/health/how-to-treat-a-gunshot-wound/,health-fitness,False
https://www.artofmanliness.com/health-fitness/health/how-to-treat-frostbite/,health-fitness,False
https://www.artofmanliness.com/health-fitness/health/how-to-treat-a-jellyfish-sting/,health-fitness,False
https://www.artofmanliness.com/health-fitness/health/how-to-treat-a-black-eye/,health-fitness,False
https://www.artofmanliness.com/health-fitness/health/how-to-treat-hypothermia/,health-fitness,False
https://www.artofmanliness.com/character/behavior/sunday-firesides-its-harvest-time/,character,False
https://www.artofmanliness.com/character/advice/podcast-118-a-wrestling-life-with-dan-gable/,character,True
https://www.artofmanliness.com/character/advice/the-art-of-manliness-podcast-episode-15-man-stories-with-kasper/,character,True
https://www.artofmanliness.com/style/shaving/podcast-139-the-secrets-of-shaving/,style,True
https://www.artofmanliness.com/career-wealth/career/the-power-of-the-third-space-how-to-set-yourself-up-for-success-for-the-next-thing-in-life/,career-wealth,False
https://www.artofmanliness.com/career-wealth/wealth/podcast-165-better-conversations-on-money-and-marriage/,career-wealth,True
https://www.artofmanliness.com/health-fitness/fitness/podcast-kettlebells-psychology-of-training/,health-fitness,True
https://www.artofmanliness.com/character/knowledge-of-men/the-35-greatest-speeches-in-history/,character,False
https://www.artofmanliness.com/character/advice/writing-a-commercially-published-novel/,character,False
https://www.artofmanliness.com/health-fitness/fitness/the-history-of-brazilian-jiu-jitsu-video/,health-fitness,False
https://www.artofmanliness.com/lifestyle/gear/a-pocket-history-of-milton-j-wurtleburtle/,lifestyle,False
https://www.artofmanliness.com/character/knowledge-of-men/motivational-posters-black-history-month-edition/,character,False
https://www.artofmanliness.com/character/advice/sunday-firesides-you-are-a-sojourner/,character,False
https://www.artofmanliness.com/health-fitness/health/how-to-sauna-all-the-faqs/,health-fitness,False
https://www.artofmanliness.com/health-fitness/fitness/resistance-band-training-video/,health-fitness,False
https://www.artofmanliness.com/health-fitness/fitness/wwii-workout-week-posture-training/,health-fitness,False
https://www.artofmanliness.com/health-fitness/fitness/wwii-workout-week-the-strength-course/,health-fitness,False
https://www.artofmanliness.com/character/behavior/podcast-267-technological-forces-shaping-future/,character,True
https://www.artofmanliness.com/health-fitness/fitness/troubleshooting-the-low-bar-squat/,health-fitness,False
https://www.artofmanliness.com/health-fitness/fitness/manvotional-socrates-on-the-importance-of-physical-fitness/,health-fitness,False
https://www.artofmanliness.com/health-fitness/fitness/how-to-overhead-press-video/,health-fitness,False
https://www.artofmanliness.com/health-fitness/fitness/4-tips-for-getting-more-out-of-your-push-ups/,health-fitness,False
https://www.artofmanliness.com/people/relationships/communities-vs-networks-to-which-do-you-belong/,people,False
https://www.artofmanliness.com/lifestyle/gift-guides/christmas-gifts-for-athletes/,lifestyle,False
https://www.artofmanliness.com/people/relationships/podcast-217-the-importance-of-having-a-tribe/,people,True
https://www.artofmanliness.com/character/behavior/your-concentration-training-program-11-exercises-that-will-strengthen-your-attention/,character,False
https://www.artofmanliness.com/career-wealth/career/theres-someone-id-like-you-to-meet-how-to-use-introductions-to-strengthen-weak-ties-and-advance-your-career/,career-wealth,False
https://www.artofmanliness.com/character/manly-lessons/cultivate-a-nostalgic-love-for-history/,character,False
https://www.artofmanliness.com/health-fitness/health/art-of-manliness-podcast-96-hardwiring-for-happiness-with-dr-rick-hanson/,health-fitness,True
https://www.artofmanliness.com/living/games-tricks/the-50-best-jokes-for-little-kids/,living,False
https://www.artofmanliness.com/living/games-tricks/30-thanksgiving-jokes-for-all-ages/,living,False
https://www.artofmanliness.com/people/family/sunday-firesides-i-have-kids/,people,False
https://www.artofmanliness.com/character/advice/sunday-firesides-bring-back-the-kids-table/,character,False
https://www.artofmanliness.com/people/family/forging-the-bond-between-brothers/,people,False
https://www.artofmanliness.com/living/reading/podcast-857-why-homer-matters/,living,True
https://www.artofmanliness.com/living/leisure/podcast-856-befriending-winter/,living,True
https://www.artofmanliness.com/living/leisure/take-a-homeric-bath/,living,False
https://www.artofmanliness.com/character/etiquette/the-art-of-thank-you-note-writing/,character,False
https://www.artofmanliness.com/people/family/8-ways-to-scare-the-heck-out-of-kids-this-halloween/,people,False
https://www.artofmanliness.com/character/behavior/podcast-851-the-future-is-analog/,character,True
https://www.artofmanliness.com/career-wealth/leadership/leadership-the-importance-of-knowing-how-to-delegate/,career-wealth,False
https://www.artofmanliness.com/people/relationships/the-10-commandments-of-clean-communication/,people,False
https://www.artofmanliness.com/people/family/how-to-communicate-your-needs-in-a-relationship/,people,False
https://www.artofmanliness.com/people/family/balancing-work-and-family/,people,False
https://www.artofmanliness.com/people/family/the-case-for-marriage/,people,False
https://www.artofmanliness.com/people/family/the-mans-guide-to-the-perfect-marriage-proposal/,people,False
https://www.artofmanliness.com/character/knowledge-of-men/sunday-firesides-the-were-not-going-to-hell-in-a-handbasket-fallacy/,character,False
https://www.artofmanliness.com/character/military/bright-blinding-sun-podcast/,character,True
https://www.artofmanliness.com/character/manly-lessons/lessons-from-our-fathers/,character,False
https://www.artofmanliness.com/character/manly-lessons/manvotional-the-power-of-personal-influence/,character,False
https://www.artofmanliness.com/character/advice/motivational-posters-founding-fathers-edition/,character,False
https://www.artofmanliness.com/people/relationships/sunday-firesides-how-not-to-be-disappointed-with-your-friends/,people,False
https://www.artofmanliness.com/people/family/sunday-firesides-dont-surrender-the-privilege-of-adulthood-to-your-kids/,people,False
https://www.artofmanliness.com/character/advice/sunday-firesides-run-at-the-wall/,character,False
https://www.artofmanliness.com/people/family/2-tips-for-having-kid-2/,people,False
https://www.artofmanliness.com/skills/how-to/make-kid-safe-slime-home/,skills,False
https://www.artofmanliness.com/skills/how-to/kid-craft-of-the-week-rubber-band-gun/,skills,False
https://www.artofmanliness.com/people/family/beyond-family-tree-benefits-making-family-genograms/,people,False
https://www.artofmanliness.com/character/behavior/podcast-845-magic-archetypes-and-the-mysteries-of-the-unconscious/,character,True
https://www.artofmanliness.com/character/knowledge-of-men/podcast-847-bo-jackson-the-last-folk-hero/,character,True
https://www.artofmanliness.com/health-fitness/health/heart-attack-symptoms-what-to-do-cpr-aed/,health-fitness,False
https://www.artofmanliness.com/people/family/60-family-tradition-ideas/,people,False
https://www.artofmanliness.com/living/leisure/secrets-to-booking-cheap-flights/,living,False
https://www.artofmanliness.com/people/relationships/sunday-firesides-relationships-over-willpower/,people,False
https://www.artofmanliness.com/people/relationships/sunday-firesides-are-we-the-prudes/,people,False
https://www.artofmanliness.com/people/family/podcast-550-how-to-strengthen-your-marriage-against-divorce/,people,True
https://www.artofmanliness.com/people/relationships/a-resolution-for-romance-the-52-loves-notes-challenge/,people,False
https://www.artofmanliness.com/character/advice/sunday-firesides-love-endures/,character,False
https://www.artofmanliness.com/character/advice/sunday-firesides-love-your-enemy/,character,False
https://www.artofmanliness.com/character/knowledge-of-men/the-ideal-man-according-to-7-different-philosophers/,character,False
https://www.artofmanliness.com/people/relationships/the-best-way-to-make-and-keep-friendships-in-adulthood/,people,False
https://www.artofmanliness.com/people/social-skills/social-briefing-1-old-patterns-social-behavior-still-working/,people,False
https://www.artofmanliness.com/people/social-skills/social-briefing-9-think-questions-ask-people/,people,False
https://www.artofmanliness.com/people/social-skills/social-briefing-4-4-social-gifts/,people,False
https://www.artofmanliness.com/people/social-skills/social-briefing-2-others-see-differently-see/,people,False
https://www.artofmanliness.com/character/military/podcast-898-the-heroic-exploits-of-wwiis-pacific-paratroopers/,character,True
https://www.artofmanliness.com/character/advice/sunday-firesides-yours-sincerely/,character,False
https://www.artofmanliness.com/people/social-skills/how-to-firmly-say-no-without-coming-off-like-a-jerk/,people,False
https://www.artofmanliness.com/character/advice/sunday-firesides-give-the-gift-of-no/,character,False
https://www.artofmanliness.com/people/social-skills/how-to-be-assertive/,people,False
https://www.artofmanliness.com/character/advice/there-is-no-indispensable-man/,character,False
https://www.artofmanliness.com/skills/how-to/how-to-listen-to-podcasts/,skills,True
https://www.artofmanliness.com/career-wealth/wealth/how-to-handle-yourself-at-an-auction/,career-wealth,False
https://www.artofmanliness.com/character/advice/sunday-firesides-social-media-is-extending-everyones-adolescence/,character,False
https://www.artofmanliness.com/people/social-skills/the-5-ts-of-mastering-the-art-of-poise/,people,False
https://www.artofmanliness.com/character/behavior/never-complain-never-explain/,character,False
https://www.artofmanliness.com/character/behavior/are-you-a-sheep-or-sheepdog-part-ii-8-reasons-youre-hardwired-for-sheepness/,character,False
https://www.artofmanliness.com/living/food-drink/how-to-make-the-perfect-omelet-an-illustrated-guide/,living,False
https://www.artofmanliness.com/character/habits/how-to-do-a-dopamine-reset/,character,False
https://www.artofmanliness.com/living/food-drink/9-reasons-to-host-dinner-party/,living,False
https://www.artofmanliness.com/living/leisure/podcast-378-brunch-hell/,living,True
https://www.artofmanliness.com/people/social-skills/how-to-mingle-at-a-party/,people,False
https://www.artofmanliness.com/character/habits/7-journaling-techniques-that-can-change-your-life/,character,False
https://www.artofmanliness.com/living/entertainment/party-invitations-guest-lists-plans/,living,False
https://www.artofmanliness.com/living/entertainment/throw-a-bachelor-party/,living,False
https://www.artofmanliness.com/living/entertainment/choosing-holiday-party-theme/,living,False
https://www.artofmanliness.com/living/food-drink/how-to-eat-a-lobster/,living,False
https://www.artofmanliness.com/skills/how-to/how-to-unclog-a-drain/,skills,False
https://www.artofmanliness.com/skills/how-to/how-to-paint-a-room/,skills,False
https://www.artofmanliness.com/skills/how-to/how-to-fold-the-american-flag/,skills,False
https://www.artofmanliness.com/style/accessories/6-reasons-to-carry-a-handkerchief-a-visual-guide/,style,False
https://www.artofmanliness.com/skills/outdoor-survival/how-to-siphon-fuel/,skills,False
https://www.artofmanliness.com/skills/how-to/how-to-light-a-cigar/,skills,False
https://www.artofmanliness.com/skills/manly-know-how/how-to-untie-a-tight-knot/,skills,False
https://www.artofmanliness.com/lifestyle/homeownership/how-to-properly-store-gas-for-diy-use/,lifestyle,False
https://www.artofmanliness.com/skills/manly-know-how/how-to-clean-and-maintain-a-gas-grill/,skills,False
https://www.artofmanliness.com/character/advice/the-15-most-sobering-quotes-about-getting-old/,character,False
https://www.artofmanliness.com/character/behavior/how-to-strengthen-willpower/,character,False
https://www.artofmanliness.com/character/advice/podcast-307-make-bed-change-world/,character,True
https://www.artofmanliness.com/lifestyle/gear/complete-guide-every-man-keep-car/,lifestyle,False
https://www.artofmanliness.com/skills/manly-know-how/how-to-jump-from-a-speeding-car/,skills,False
https://www.artofmanliness.com/skills/outdoor-survival/how-to-escape-a-sinking-car-an-illustrated-guide/,skills,False
https://www.artofmanliness.com/character/behavior/thick-desires-anti-mimetic-life/,character,False
https://www.artofmanliness.com/skills/outdoor-survival/how-to-catch-a-fish-with-your-bare-hands/,skills,False
https://www.artofmanliness.com/skills/manly-know-how/6-insane-zombie-slaying-baseball-bat-modifications/,skills,False
https://www.artofmanliness.com/skills/outdoor-survival/how-to-catch-a-frog-with-a-flashlight/,skills,False
https://www.artofmanliness.com/skills/manly-know-how/how-to-break-in-a-baseball-glove/,skills,False
https://www.artofmanliness.com/skills/manly-know-how/how-to-score-a-baseball-game-with-pencil-and-paper/,skills,False
https://www.artofmanliness.com/skills/how-to/how-to-break-in-a-fitted-baseball-hat/,skills,False
https://www.artofmanliness.com/character/behavior/sunday-firesides-be-a-ruthless-editor-in-chief/,character,False
https://www.artofmanliness.com/living/reading/podcast-760-cormac-mccarthy-the-road-and-carrying-the-fire/,living,True
https://www.artofmanliness.com/skills/outdoor-survival/the-magic-of-the-campfire/,skills,False
https://www.artofmanliness.com/skills/outdoor-survival/how-to-make-a-bug-out-bag-your-72-hour-emergency-evacuation-survival-kit/,skills,False
https://www.artofmanliness.com/skills/outdoor-survival/how-to-fire-a-flare-gun/,skills,False
https://www.artofmanliness.com/skills/manly-know-how/how-to-land-an-airplane/,skills,False
https://www.artofmanliness.com/skills/outdoor-survival/backpacking-with-a-baby/,skills,False
https://www.artofmanliness.com/character/advice/dig-deep-youre-stronger-than-you-think/,character,False
https://www.artofmanliness.com/skills/outdoor-survival/what-to-do-in-a-sandstorm/,skills,False
https://www.artofmanliness.com/skills/outdoor-survival/how-to-survive-a-wildfire/,skills,False
https://www.artofmanliness.com/skills/outdoor-survival/how-to-survive-an-alligator-attack/,skills,False
https://www.artofmanliness.com/skills/outdoor-survival/how-to-survive-being-buried-alive/,skills,False
https://www.artofmanliness.com/skills/outdoor-survival/how-to-survive-a-grenade-explosion/,skills,False
https://www.artofmanliness.com/character/advice/sunday-firesides-no-bad-feelings/,character,False
https://www.artofmanliness.com/skills/how-to/how-to-remove-bumper-stickers-and-car-decals/,skills,False
https://www.artofmanliness.com/skills/manly-know-how/how-to-remove-a-stripped-screw/,skills,False
https://www.artofmanliness.com/character/advice/sunday-firesides-hunger-is-the-best-spice/,character,False
https://www.artofmanliness.com/character/military/podcast-916-why-we-fight/,character,True
https://www.artofmanliness.com/character/behavior/the-virtuous-life-temperance/,character,False
https://www.artofmanliness.com/character/advice/sunday-firesides-be-not-a-consumer-of-life/,character,False
https://www.artofmanliness.com/character/advice/sunday-firesides-there-is-no-other-layer-to-life/,character,False
https://www.artofmanliness.com/character/advice/podcast-776-how-to-shift-out-of-the-midlife-malaise/,character,True
https://www.artofmanliness.com/skills/manly-know-how/choosing-mans-best-friend-a-guide-to-canine-companions/,skills,False
https://www.artofmanliness.com/character/advice/why-a-man-should-get-his-dog-from-the-pound/,character,False
https://www.artofmanliness.com/character/advice/solvitur-ambulando-it-is-solved-by-walking/,character,False
https://www.artofmanliness.com/character/etiquette/dim-dash-walking-the-dog/,character,False
https://www.artofmanliness.com/character/advice/sunday-firesides-embracing-the-coin-of-character/,character,False
https://www.artofmanliness.com/character/advice/sunday-firesides-die-red/,character,False
https://www.artofmanliness.com/character/advice/sunday-firesides-dependence-to-independence/,character,False
https://www.artofmanliness.com/character/advice/sunday-firesides-the-saddest-epitaph/,character,False
https://www.artofmanliness.com/character/etiquette/how-manners-made-the-world/,character,False
https://www.artofmanliness.com/character/knowledge-of-men/podcast-746-the-confucian-gentleman/,character,True
https://www.artofmanliness.com/character/advice/the-art-of-manliness-podcast-25-the-art-of-non-conformity-with-chris-guillebeau/,character,True
https://www.artofmanliness.com/character/behavior/art-of-manliness-68-thrive-with-arianna-huffington/,character,False
https://www.artofmanliness.com/character/advice/podcast-250-art-strategy/,character,True
https://www.artofmanliness.com/character/advice/sunday-firesides-worry-more-about-rusting-out-than-burning-out/,character,False
https://www.artofmanliness.com/character/advice/the-5-best-aom-podcast-episodes-on-time-management/,character,True
https://www.artofmanliness.com/character/habits/6-sunday-habits-to-prepare-for-tackling-the-week-ahead/,character,False
https://www.artofmanliness.com/character/behavior/exit-voice-loyalty-neglect-why-people-leave-stay-or-try-to-burn-it-all-down/,character,False
https://www.artofmanliness.com/character/behavior/the-3-ps-of-manhood-protect/,character,False
https://www.artofmanliness.com/people/family/the-churchill-school-of-adulthood-lesson-6-dont-be-afraid-to-start-a-family/,people,False
https://www.artofmanliness.com/character/behavior/what-is-the-core-of-masculinity/,character,False
https://www.artofmanliness.com/character/advice/youve-got-to-be-a-man-before-you-can-be-a-gentleman/,character,False
https://www.artofmanliness.com/character/advice/the-wisdom-of-wolves-dutcher/,character,False
https://www.artofmanliness.com/character/manly-lessons/the-myth-of-the-alpha-male/,character,False
https://www.artofmanliness.com/people/family/what-pattern-are-you-setting-in-your-family/,people,False
https://www.artofmanliness.com/health-fitness/fitness/podcast-195-how-to-live-like-an-ancient-greek-hero/,health-fitness,True
https://www.artofmanliness.com/living/food-drink/a-primer-on-pickling-4-tasty-recipes-to-try/,living,False
https://www.artofmanliness.com/character/manly-lessons/the-life-of-jack-london-as-a-case-study-in-the-power-and-perils-of-thumos-3-oyster-pirate/,character,False
https://www.artofmanliness.com/character/manly-lessons/the-life-of-jack-london-as-a-case-study-in-the-power-and-perils-of-thumos-4-pacific-voyage/,character,False
https://www.artofmanliness.com/character/manly-lessons/the-life-of-jack-london-as-a-case-study-in-the-power-and-perils-of-thumos-2-boyhood/,character,False
https://www.artofmanliness.com/character/manly-lessons/the-life-of-jack-london-as-a-case-study-in-thumos-1-introduction/,character,False
https://www.artofmanliness.com/character/manly-lessons/the-life-of-jack-london-as-a-case-study-in-the-power-and-perils-of-thumos-5-on-the-road/,character,False
https://www.artofmanliness.com/character/manly-lessons/the-life-of-jack-london-as-a-case-study-in-the-power-and-perils-of-thumos-9-the-long-sickness/,character,False
https://www.artofmanliness.com/living/games-tricks/6-card-games-every-man-know/,living,False
https://www.artofmanliness.com/skills/how-to/turn-crankshaft-manly-lamp/,skills,False
https://www.artofmanliness.com/character/behavior/skin-in-the-game/,character,False
https://www.artofmanliness.com/character/behavior/a-mans-code-of-honor-video/,character,False
https://www.artofmanliness.com/character/behavior/manly-honor-part-ii-the-decline-of-traditonal-honor-ancient-greece-to-the-romantic-period/,character,False
https://www.artofmanliness.com/character/behavior/manly-honor-part-iv-the-gentlemen-and-the-roughs-the-stoic-christian-code-of-honor-in-the-american-north/,character,False
https://www.artofmanliness.com/character/behavior/honor-during-victorian-era/,character,False
https://www.artofmanliness.com/character/behavior/manly-honor-part-v-honor-in-the-american-south/,character,False
https://www.artofmanliness.com/character/advice/podcast-452-the-warriors-manifesto/,character,True
https://www.artofmanliness.com/career-wealth/leadership/doris-kearns-goodwin-interview-leadership/,career-wealth,False
https://www.artofmanliness.com/living/leisure/17-things-to-do-on-sunday-besides-surfing-the-internet/,living,False
https://www.artofmanliness.com/character/advice/sunday-firesides-want-a-good-life-just-dont-do-stupid-stuff/,character,False
https://www.artofmanliness.com/character/manly-lessons/manvotional-the-improvement-of-time/,character,False
https://www.artofmanliness.com/character/behavior/king-complex-makes-internet-hard-put/,character,False
https://www.artofmanliness.com/skills/how-to/how-to-do-laundry-on-a-road-trip-like-john-steinbeck/,skills,False
https://www.artofmanliness.com/style/outfit-guide/upgrade-personal-style-inexpensively/,style,False
https://www.artofmanliness.com/style/outfit-guide/mans-guide-change-appearance/,style,False
https://www.artofmanliness.com/lifestyle/homeownership/how-to-replace-a-thermostat/,lifestyle,False
https://www.artofmanliness.com/character/habits/how-i-finally-made-flossing-a-habit/,character,False
https://www.artofmanliness.com/living/leisure/39-things-to-do-before-leaving-on-vacation-a-handy-dandy-checklist/,living,False
https://www.artofmanliness.com/style/hair/how-to-find-the-natural-part-in-your-hair/,style,False
https://www.artofmanliness.com/skills/how-to/how-to-make-a-handsome-and-handy-wooden-bottle-opener/,skills,False
https://www.artofmanliness.com/character/behavior/podcast-840-when-to-quit/,character,True
https://www.artofmanliness.com/living/entertainment/steve-mcqueen-in-great-escape/,living,False
https://www.artofmanliness.com/health-fitness/fitness/the-steve-mcqueen-workout/,health-fitness,False
https://www.artofmanliness.com/skills/outdoor-survival/how-to-tie-a-military-style-shemaghkeffiyeh/,skills,False
https://www.artofmanliness.com/style/hair/the-mad-men-guide-to-a-manly-haircut/,style,False
https://www.artofmanliness.com/style/shaving/how-to-shave-with-safety-razor/,style,False
https://www.artofmanliness.com/living/leisure/the-10-worst-products-for-men-ever-created/,living,False
https://www.artofmanliness.com/style/hair/5-products-no-mans-bathroom-should-be-without/,style,False
https://www.artofmanliness.com/character/advice/craft-the-life-you-want-setting-up-shop-or-the-importance-of-where-you-live/,character,False
https://www.artofmanliness.com/health-fitness/health/what-to-do-when-you-cant-sleep/,health-fitness,False
https://www.artofmanliness.com/skills/outdoor-survival/how-to-survive-a-fall-onto-subway-tracks/,skills,False
https://www.artofmanliness.com/character/advice/sunday-firesides-the-upwards-fall-of-adulthood/,character,False
https://www.artofmanliness.com/skills/manly-know-how/how-to-fall-without-hurting-yourself/,skills,False
https://www.artofmanliness.com/living/reading/podcast-590-the-creation-of-sherlock-holmes/,living,True
https://www.artofmanliness.com/character/advice/sunday-firesides-the-law-of-sacrifice/,character,False
https://www.artofmanliness.com/health-fitness/fitness/hero-training-the-carry-a-person-to-safety-workout/,health-fitness,False
https://www.artofmanliness.com/character/manly-lessons/podcast-854-the-existential-in-red-dead-redemption-2/,character,True
https://www.artofmanliness.com/health-fitness/fitness/know-your-lifts-deadlift/,health-fitness,False
https://www.artofmanliness.com/health-fitness/fitness/how-to-do-a-perfect-push-up/,health-fitness,False
https://www.artofmanliness.com/living/food-drink/make-perfect-pancakes-illustrated-guide/,living,False
https://www.artofmanliness.com/living/entertainment/the-epic-story-of-the-making-of-the-godfather/,living,False
https://www.artofmanliness.com/character/advice/be-a-time-wizard-how-to-slow-down-and-speed-up-time/,character,False
https://www.artofmanliness.com/health-fitness/fitness/intro-to-barbell-training-with-mark-rippetoe-video/,health-fitness,False
https://www.artofmanliness.com/health-fitness/fitness/train-like-rocky-every-exercise-every-montage/,health-fitness,False
https://www.artofmanliness.com/health-fitness/fitness/how-to-hook-grip-a-barbell/,health-fitness,False
https://www.artofmanliness.com/people/family/podcast-326-raise-boys/,people,True
https://www.artofmanliness.com/skills/outdoor-survival/podcast-327-heading-history-camping/,skills,True
https://www.artofmanliness.com/living/leisure/ultimate-collection-manly-smells/,living,False
https://www.artofmanliness.com/lifestyle/gear/solutions-for-the-everyday-carry-of-duct-tape/,lifestyle,False
https://www.artofmanliness.com/character/advice/sunday-firesides-shorter-weapons-longer-boundaries/,character,False
https://www.artofmanliness.com/character/manly-lessons/manvotional-theodore-roosevelt-on-everyday-duty/,character,False
https://www.artofmanliness.com/character/behavior/podcast-268-science-competition-can-make-better-man/,character,True
https://www.artofmanliness.com/health-fitness/health/podcast-269-forgotten-history-autism/,health-fitness,True
https://www.artofmanliness.com/skills/outdoor-survival/how-to-escape-from-killer-bees/,skills,False
https://www.artofmanliness.com/skills/outdoor-survival/escape-building-using-bedsheets/,skills,False
https://www.artofmanliness.com/skills/manly-know-how/how-to-escape-from-being-tied-up/,skills,False
https://www.artofmanliness.com/character/behavior/podcast-397-the-3-pillars-of-a-meaningful-life/,character,True
https://www.artofmanliness.com/character/manly-lessons/manvotional-how-to-face-death/,character,False
https://www.artofmanliness.com/character/manly-lessons/macgyver-manhood-and-the-art-of-masculine-improvisation/,character,False
https://www.artofmanliness.com/skills/how-to/open-champagne-bottle-saber/,skills,False
https://www.artofmanliness.com/skills/manly-know-how/how-to-open-a-can-without-an-opener/,skills,False
https://www.artofmanliness.com/skills/how-to/how-to-make-a-drinking-glass-from-a-bottle/,skills,False
https://www.artofmanliness.com/skills/outdoor-survival/how-to-use-a-plastic-bottle-to-make-seawater-drinkable/,skills,False
https://www.artofmanliness.com/skills/outdoor-survival/how-to-start-a-fire-with-a-water-bottle/,skills,False
https://www.artofmanliness.com/character/advice/podcast-135-keep-it-fake-on-inventing-an-authentic-life/,character,True
https://www.artofmanliness.com/skills/outdoor-survival/diy-improvised-survival-arrowheads/,skills,False
https://www.artofmanliness.com/character/advice/podcast-309-going-blind-best-thing-ever-happen-isaac-lidsky/,character,True
https://www.artofmanliness.com/character/advice/gattaca-swim-back-last-scene/,character,False
https://www.artofmanliness.com/character/knowledge-of-men/famous-libraries-studies-writing-rooms/,character,False
https://www.artofmanliness.com/character/manly-lessons/manvotional-jack-london-on-success/,character,False
https://www.artofmanliness.com/living/reading/ex-libris-the-bookplates-of-31-famous-men/,living,False
https://www.artofmanliness.com/people/fatherhood/podcast-209-what-the-navy-seals-can-teach-you-about-raising-your-kids/,people,True
https://www.artofmanliness.com/lifestyle/homeownership/14-ways-to-protect-your-home-while-on-vacation/,lifestyle,False
https://www.artofmanliness.com/style/hair/how-to-deal-with-a-bad-haircut/,style,False
https://www.artofmanliness.com/career-wealth/career/how-to-deal-with-a-talkative-coworker/,career-wealth,False
https://www.artofmanliness.com/career-wealth/career/how-to-dress-for-a-job-interview-video/,career-wealth,False
https://www.artofmanliness.com/career-wealth/career/interview-thank-you-note/,career-wealth,False
https://www.artofmanliness.com/character/advice/sunday-firesides-no-such-thing-as-bad-weather/,character,False
https://www.artofmanliness.com/character/advice/stop-hacking-your-life/,character,False
https://www.artofmanliness.com/career-wealth/career/blue-collar-trades-career/,career-wealth,False
https://www.artofmanliness.com/career-wealth/career/how-to-start-a-business-with-limited-funds/,career-wealth,False
https://www.artofmanliness.com/career-wealth/career/want-to-start-a-business-consider-these-5-invaluable-lessons-before-diving-in/,career-wealth,False
https://www.artofmanliness.com/health-fitness/fitness/wwii-workout-week-conditioning-exercises/,health-fitness,False
https://www.artofmanliness.com/health-fitness/fitness/wwii-workout-week-log-exercises/,health-fitness,False
https://www.artofmanliness.com/people/relationships/how-to-break-up/,people,False
https://www.artofmanliness.com/career-wealth/career/so-you-want-my-job-firefighter/,career-wealth,False
https://www.artofmanliness.com/career-wealth/career/so-you-want-my-job-interpreter-translator/,career-wealth,False
https://www.artofmanliness.com/career-wealth/career/so-you-want-my-job-golf-pro-instructor/,career-wealth,False
https://www.artofmanliness.com/career-wealth/career/so-you-want-my-job-brewmaster/,career-wealth,False
https://www.artofmanliness.com/career-wealth/career/so-you-want-my-job-air-traffic-controller/,career-wealth,False
https://www.artofmanliness.com/skills/how-to/how-to-make-a-coat-hook-from-a-tree-branch/,skills,False
https://www.artofmanliness.com/health-fitness/fitness/a-chefs-guide-to-losing-weight/,health-fitness,False
https://www.artofmanliness.com/people/social-skills/look-em-in-the-eye-part-ii-how-to-make-eye-contact-the-right-way-in-life-business-and-love/,people,False
https://www.artofmanliness.com/character/etiquette/how-to-exit-a-room-like-a-man/,character,False
https://www.artofmanliness.com/people/social-skills/how-to-recover-from-a-bad-first-impression/,people,False
https://www.artofmanliness.com/people/social-skills/how-to-make-a-great-first-impression/,people,False
https://www.artofmanliness.com/lifestyle/homeownership/how-to-dispose-of-old-furniture-and-remove-other-large-items-of-trash/,lifestyle,False
https://www.artofmanliness.com/skills/how-to/thinking-on-your-feet-how-to-answer-difficult-questions/,skills,False
https://www.artofmanliness.com/career-wealth/leadership/how-to-run-a-meeting/,career-wealth,False
https://www.artofmanliness.com/people/social-skills/social-briefing-8-better-conversations-asking-open-ended-questions/,people,False
https://www.artofmanliness.com/career-wealth/career/so-you-want-my-job-architect/,career-wealth,False
https://www.artofmanliness.com/skills/manly-know-how/even-when-not-in-rome-you-should-know-your-roman-numerals/,skills,False
https://www.artofmanliness.com/character/behavior/how-to-create-a-unique-and-manly-signature/,character,False
https://www.artofmanliness.com/character/knowledge-of-men/original-aom-comic-2-theodore-roosevelt-ill-make-my-body/,character,False
https://www.artofmanliness.com/skills/manly-know-how/how-to-easily-create-your-own-rope-ladder/,skills,False
https://www.artofmanliness.com/character/knowledge-of-men/teddy-roosevelts-thoughts-citizenship/,character,False
https://www.artofmanliness.com/people/relationships/how-delaying-intimacy-can-benefit-your-relationship/,people,False
https://www.artofmanliness.com/people/relationships/how-to-test-your-relationship-without-moving-in-together/,people,False
https://www.artofmanliness.com/character/behavior/sunday-firesides-look-and-live/,character,False
https://www.artofmanliness.com/character/behavior/podcast-310-chivalry-terrorism-war-changing-nature-masculinity/,character,True
https://www.artofmanliness.com/living/games-tricks/cool-uncle-tricks-how-to-stick-a-pencil-in-your-ear-and-nose/,living,False
https://www.artofmanliness.com/living/leisure/in-8-hours-you-could-be-in/,living,False
https://www.artofmanliness.com/living/food-drink/easy-crispy-chicken-sandwich/,living,False
https://www.artofmanliness.com/living/food-drink/how-to-grill-the-perfect-burger/,living,False
https://www.artofmanliness.com/living/reading/thoreaus-16-essential-quotes-on-books-and-reading/,living,False
https://www.artofmanliness.com/living/entertainment/podcast-903-the-rise-and-fall-of-the-golden-age-of-action-heroes/,living,True
https://www.artofmanliness.com/living/food-drink/how-to-light-a-charcoal-grill/,living,False
https://www.artofmanliness.com/living/leisure/podcast-895-the-essential-guide-to-visiting-and-camping-in-the-national-parks/,living,True
https://www.artofmanliness.com/living/food-drink/a-primer-on-butchering-at-home/,living,False
https://www.artofmanliness.com/living/food-drink/how-to-fillet-a-fish-an-illustrated-guide/,living,False
https://www.artofmanliness.com/living/food-drink/all-hail-the-humble-potato/,living,False
https://www.artofmanliness.com/living/entertainment/podcast-876-why-you-like-the-music-you-do/,living,True
https://www.artofmanliness.com/living/reading/podcast-871-jane-austen-for-dudes/,living,True
https://www.artofmanliness.com/living/food-drink/how-to-eat-pasta-without-looking-like-a-putz/,living,False
https://www.artofmanliness.com/character/advice/sunday-firesides-dont-wait-for-the-film-score/,character,False
https://www.artofmanliness.com/people/fatherhood/how-to-be-santa-claus-for-your-kids/,people,False
https://www.artofmanliness.com/living/entertainment/the-17-best-football-movies-of-all-time/,living,False
https://www.artofmanliness.com/living/entertainment/15-best-baseball-movies/,living,False
https://www.artofmanliness.com/living/food-drink/how-to-marinate-meat/,living,False
https://www.artofmanliness.com/character/advice/sunday-firesides-secure-your-base/,character,False
https://www.artofmanliness.com/living/food-drink/how-to-make-pemmican/,living,False
https://www.artofmanliness.com/living/food-drink/a-manly-lunch-bag/,living,False
https://www.artofmanliness.com/living/food-drink/the-best-way-to-reheat-steak/,living,False
https://www.artofmanliness.com/living/food-drink/how-to-order-wine-video/,living,False
https://www.artofmanliness.com/living/food-drink/the-best-way-to-reheat-pizza/,living,False
https://www.artofmanliness.com/skills/manly-know-how/how-throw-a-spiral-football/,skills,False
https://www.artofmanliness.com/living/food-drink/how-to-use-bitters-to-elevate-your-drinks/,living,False
https://www.artofmanliness.com/living/food-drink/james-bond-vesper-martini/,living,False
https://www.artofmanliness.com/living/food-drink/5-classic-holiday-cocktails-and-drinks-to-warm-your-spirit/,living,False
https://www.artofmanliness.com/skills/how-to/how-to-get-a-drink-at-a-busy-bar/,skills,False
https://www.artofmanliness.com/character/behavior/30-days-to-a-better-man-day-1-define-your-core-values/,character,False
https://www.artofmanliness.com/character/behavior/30-days-to-a-better-man-day-2-shine-your-shoes/,character,False
https://www.artofmanliness.com/lifestyle/homeownership/how-to-grout-tile/,lifestyle,False
https://www.artofmanliness.com/lifestyle/gift-guides/12-days-christmas-giveaways-get-cozy/,lifestyle,False
https://www.artofmanliness.com/lifestyle/gift-guides/12-days-christmas-giveaways-outdoorsman/,lifestyle,False
https://www.artofmanliness.com/lifestyle/gift-guides/12-days-christmas-giveaways-gifts-100/,lifestyle,False
https://www.artofmanliness.com/lifestyle/gift-guides/12-days-christmas-giveaways-made-usa/,lifestyle,False
https://www.artofmanliness.com/character/behavior/lose-with-dignity-celebrate-with-grace-part-i/,character,False
https://www.artofmanliness.com/character/manly-lessons/manvotional-a-letter-from-general-george-s-patton-to-his-son/,character,False
https://www.artofmanliness.com/character/advice/sunday-firesides-boredom-is-evil/,character,False
https://www.artofmanliness.com/character/knowledge-of-men/podcast-262-santa-claus-man/,character,True
https://www.artofmanliness.com/character/behavior/podcast-197-on-the-joys-and-travails-of-thinking/,character,True
https://www.artofmanliness.com/living/games-tricks/cool-uncle-tricks-how-to-juggle/,living,False
https://www.artofmanliness.com/people/family/podcast-180-establishing-a-modern-day-homestead/,people,True
https://www.artofmanliness.com/people/relationships/cracking-the-valentines-day-code/,people,False
https://www.artofmanliness.com/career-wealth/career/podcast-251-live-dream-without-quitting-day-job/,career-wealth,True
https://www.artofmanliness.com/health-fitness/fitness/every-man-every-day-should-do-these-exercises/,health-fitness,False
https://www.artofmanliness.com/health-fitness/fitness/strength-contests-from-the-wwii-era/,health-fitness,False
https://www.artofmanliness.com/health-fitness/fitness/how-to-stay-fit-and-maintain-your-gains-while-still-enjoying-your-vacation/,health-fitness,False
https://www.artofmanliness.com/character/habits/disenchant-your-bad-habits/,character,False
https://www.artofmanliness.com/character/habits/the-best-aom-podcast-episodes-on-making-and-breaking-habits/,character,True
https://www.artofmanliness.com/character/habits/how-to-hack-the-habit-loop-video/,character,False
https://www.artofmanliness.com/lifestyle/best-of/the-best-aom-podcast-episodes-so-far-in-2020/,lifestyle,True
https://www.artofmanliness.com/character/habits/the-7-habits-think-win-win/,character,False
https://www.artofmanliness.com/character/advice/new-years-reflection-questions/,character,False
https://www.artofmanliness.com/character/advice/who-is-your-age-peer/,character,False
https://www.artofmanliness.com/character/behavior/podcast-215-becoming-an-individual-in-an-age-of-distraction/,character,True
https://www.artofmanliness.com/skills/outdoor-survival/how-to-track-animals-a-primer-on-identifying-footprints/,skills,False
https://www.artofmanliness.com/character/behavior/how-superheroes-movies-and-video-games-taught-me-to-conquer-fear/,character,False
https://www.artofmanliness.com/health-fitness/health/podcast-614-get-out-of-your-mind-and-into-your-life/,health-fitness,True
https://www.artofmanliness.com/health-fitness/fitness/how-to-use-lifting-straps/,health-fitness,False
https://www.artofmanliness.com/character/behavior/sunday-firesides-if-you-see-something-say-something/,character,False
https://www.artofmanliness.com/character/behavior/how-to-be-braver/,character,False
https://www.artofmanliness.com/skills/manly-know-how/100-skills-every-man-should-know/,skills,False
https://www.artofmanliness.com/character/advice/podcast-334-violence-really-answer/,character,True
https://www.artofmanliness.com/character/knowledge-of-men/transcendentalists-their-world-podcast/,character,True
https://www.artofmanliness.com/character/behavior/getting-it-done-a-guide-to-creating-a-proper-bucket-list/,character,False
https://www.artofmanliness.com/character/behavior/becoming-a-better-man-in-2009/,character,False
https://www.artofmanliness.com/character/manly-lessons/christmas-eve-manvotional-the-night-of-oranges/,character,False
https://www.artofmanliness.com/character/manly-lessons/lessons-in-manliness-from-its-a-wonderful-life/,character,False
https://www.artofmanliness.com/character/etiquette/how-to-be-the-perfect-party-guest/,character,False
https://www.artofmanliness.com/living/leisure/every-man-needs-adventure/,living,False
https://www.artofmanliness.com/skills/manly-know-how/pick-buy-select-care-christmas-tree/,skills,False
https://www.artofmanliness.com/style/outfit-guide/6-tips-holidays-style/,style,False
https://www.artofmanliness.com/career-wealth/career/so-you-want-my-job-air-force-pilot/,career-wealth,False
https://www.artofmanliness.com/people/fatherhood/teaching-my-son-to-be-a-man/,people,False
